City_ID,City,Country,Max Temp,Current Description,Lat,Lng,Hotel Name
0,Victoria,HK,29.44,light rain,22.29,114.16,Mini Hotel Central
1,Hithadhoo,MV,28.35,overcast clouds,-0.6,73.08,Scoop Guest House
4,Kapaa,US,27.0,broken clouds,22.08,-159.32,Sheraton Kauai Resort at Coconut Beach
10,Umm Lajj,SA,29.85,scattered clouds,25.02,37.27,Moon light Furnished Units
14,Atuona,PF,26.05,clear sky,-9.8,-139.03,Villa Enata
15,Caravelas,BR,21.49,clear sky,-17.71,-39.25,Pousada dos Navegantes
17,Lagos De Moreno,MX,25.0,broken clouds,21.35,-101.92,Hotel Galerias
20,Butaritari,KI,27.92,light rain,3.07,172.79,Isles Sunset Lodge
22,Yellowknife,CA,22.0,broken clouds,62.46,-114.35,The Explorer Hotel
24,Arlit,NE,36.24,scattered clouds,18.74,7.39,H√¥tel Telwa Bungalow
29,Rikitea,PF,22.75,light rain,-23.12,-134.97,Pension Maro'i
30,Hambantota,LK,25.0,broken clouds,6.12,81.12,Bungalow 63
34,Dingli,MT,27.78,clear sky,35.86,14.38,The Xara Palace Relais & Chateaux
35,Katsuura,JP,23.89,light rain,35.13,140.3,Katsuura Hotel Mikazuki
38,Puerto Ayora,EC,20.0,overcast clouds,-0.74,-90.35,Finch Bay Galapagos Hotel
44,Hilo,US,28.0,broken clouds,19.73,-155.09,Hilo Hawaiian Hotel
45,Tahoua,NE,33.04,few clouds,14.89,5.27,Bungalows Guesthouse
46,Malakal,SS,22.51,overcast clouds,9.53,31.66,Nile Palace Hotel
48,Vaini,TO,23.0,few clouds,-21.2,-175.2,Keleti Beach Resort
49,Bakel,SN,25.53,overcast clouds,14.9,-12.46,H√¥tel islam
57,Norman Wells,CA,24.0,scattered clouds,65.28,-126.83,Heritage Hotel
59,Bambous Virieux,MU,22.0,shower rain,-20.34,57.76,Casa Tia Villa
63,Moose Factory,CA,22.0,broken clouds,51.26,-80.61,Cree Village Eco Lodge
67,Ribeira Grande,PT,21.55,broken clouds,38.52,-28.7,Quinta da Meia Eira
70,Jamestown,US,24.44,scattered clouds,42.1,-79.24,Hampton Inn & Suites Jamestown
72,Touros,BR,24.0,clear sky,-5.2,-35.46,INN NEW HORIZON
76,Eyl,SO,26.49,clear sky,7.98,49.82,Amiin Hotel
77,Faanui,PF,26.3,light rain,-16.48,-151.75,Bora-Bora Pearl Beach Resort & Spa
82,Begusarai,IN,28.23,overcast clouds,25.42,86.13,HOTEL JAMES
84,Ambon,ID,26.11,moderate rain,-3.7,128.18,Swiss-Belhotel Ambon
85,Arrecife,ES,23.0,broken clouds,28.96,-13.55,Hotel Lancelot
92,Ponta Do Sol,PT,21.0,scattered clouds,32.67,-17.1,Hotel do Campo
94,Dauphin,CA,30.0,clear sky,51.15,-100.05,Canway Inn & Suites
95,Ajdabiya,LY,23.87,clear sky,30.76,20.23,ŸÅŸÜÿØŸÇ ÿßŸÑÿ™Ÿàÿ¨ÿßŸÜ
98,San Rafael Del Sur,NI,33.0,few clouds,11.85,-86.44,Hospedaje El Chino
99,Kapit,MY,22.91,overcast clouds,2.02,112.93,Hotel Meligai Kapit
100,West Wendover,US,37.0,clear sky,40.74,-114.07,"Motel 6 Wendover, UT"
101,Casper,US,30.0,few clouds,42.87,-106.31,Ramkota Hotel
104,Shelby,US,31.11,broken clouds,35.2,-89.87,Days Inn by Wyndham Memphis - I40 and Sycamore View
105,Bud,US,21.67,overcast clouds,39.45,-86.18,Madsion Scouts Camp
107,Nicoya,CR,32.0,scattered clouds,10.15,-85.45,Guayacan Real
108,Bandarbeyla,SO,26.08,few clouds,9.49,50.81,REER XOOSHLE GROUP
109,Souillac,MU,22.0,shower rain,-20.52,57.52,Bils' Villa
112,Fort Nelson,CA,26.0,few clouds,58.81,-122.7,The Fort Nelson Hotel
114,Grand Gaube,MU,20.0,clear sky,-20.01,57.66,Veranda Paul et Virginie Hotel & Spa
116,Kirkland Lake,CA,23.0,broken clouds,48.14,-80.04,Comfort Inn
121,Alofi,NU,24.0,scattered clouds,-19.06,-169.92,Taloa Heights
123,Fatehpur,IN,27.83,light rain,25.93,80.8,City Club
124,Isla Vista,US,32.22,clear sky,34.41,-119.86,Super 8 by Wyndham Santa Barbara/Goleta
125,Komsomolskiy,UZ,25.0,scattered clouds,40.43,71.72,Ikathouse
127,Acapulco,MX,31.0,scattered clouds,16.86,-99.89,HS Hotsson Smart Acapulco
134,Tura,IN,23.34,light rain,25.52,90.22,Hotel RIKMAN Continental
139,Wichita Falls,US,37.0,clear sky,33.91,-98.49,Quality Inn & Suites Wichita Falls I-44
140,Seguela,CI,21.74,light rain,7.96,-6.67,DIRECTION DEPARTEMENTALE DE LA SANTE
141,Erenhot,CN,23.05,clear sky,43.65,111.98,Erenhot Rurouni Youth Hostel
142,Sao Jose Da Coroa Grande,BR,23.39,light rain,-8.9,-35.15,Cr√¥a Mares Hotel
143,Mersing,MY,24.0,light rain,2.43,103.84,Timotel Hotel
145,Salalah,OM,28.0,scattered clouds,17.02,54.09,HAMDAN PLAZA HOTEL
152,Kudat,MY,25.0,scattered clouds,6.88,116.85,Dream Garden Hotel
154,Senador Guiomard,BR,28.0,few clouds,-10.15,-67.74,Hotel Rondon
155,Palmer,US,29.0,broken clouds,42.16,-72.33,Wedgewood Motel
156,Luganville,VU,25.0,broken clouds,-15.53,167.17,The Espiritu Hotel
159,Vila Franca Do Campo,PT,21.0,few clouds,37.72,-25.43,Pestana Bahia Praia
160,Itoman,JP,30.0,few clouds,26.12,127.67,Southern Beach Hotel & Resort Okinawa
164,Ocos,GT,32.0,broken clouds,14.51,-92.19,La Bajadita
165,Honiara,SB,30.0,scattered clouds,-9.43,159.95,Heritage Park Hotel
169,Bethel,US,26.0,few clouds,41.37,-73.41,Courtyard by Marriott Danbury
171,Benjamin Constant,BR,31.0,broken clouds,-4.38,-70.03,CASA AVALIADA
172,Mahebourg,MU,22.0,shower rain,-20.41,57.7,Le Peninsula Bay Beach Resort & Spa
174,Poum,NC,24.06,light rain,-20.23,164.02,G√Æte kajeon
177,Margate,GB,20.0,clear sky,51.38,1.39,Premier Inn Margate hotel
178,Salinopolis,BR,26.82,overcast clouds,-0.61,-47.36,Hotel Salin√≥polis
182,Bengkulu,ID,23.87,overcast clouds,-3.8,102.27,Grage Hotel Bengkulu
183,Rockport,US,32.0,few clouds,28.02,-97.05,Holiday Inn Express & Suites Rockport - Bay View
185,Razdolnoye,RU,22.0,overcast clouds,43.55,131.92,"Baza Otdykha ""Lesnaya"""
186,Esna,EG,36.47,clear sky,25.29,32.55,Orient Star Dahabyia Isna 05 Nights Each Sunday
187,Noumea,NC,24.44,light rain,-22.28,166.46,H√¥tel Le Lagon
188,Ambunti,PG,26.38,light rain,-4.24,142.84,Ambunti Lodge
189,Najran,SA,28.0,scattered clouds,17.49,44.13,ŸÖÿ≠ŸÖÿØ ŸáÿßÿØŸä ÿßŸÑ ŸÅÿ∑Ÿäÿ≠
191,Hasaki,JP,22.78,light intensity shower rain,35.73,140.83,Inubosaki Kanko Hotel
192,Fukue,JP,27.5,overcast clouds,32.69,128.84,Goto Guesthouse Utojuku & SA Car Rental
193,Waingapu,ID,21.76,clear sky,-9.66,120.26,Pondok Wisata Elim
194,Nagua,DO,26.0,light rain,19.38,-69.85,Hotel Cambri
196,Nishihara,JP,30.0,scattered clouds,26.18,127.76,Minshuku Agaihama
197,Sarankhola,BD,26.87,light rain,22.31,89.79,‡¶á‡¶∏‡¶æ ‡¶∑‡ßç‡¶ü‡ßã‡¶∞
201,Portland,US,35.56,clear sky,45.52,-122.68,Portland Marriott City Center
203,Shache,CN,21.15,clear sky,38.42,77.24,Delong Hotel
206,Mehran,IR,37.65,clear sky,33.12,46.16,ÿ®Ÿàÿ™€å⁄© ÿ≤ŸÜÿßŸÜŸá ÿ®Ÿáÿßÿ±
207,Sudbury,CA,24.0,broken clouds,46.49,-80.99,Travelway Inn Sudbury
210,Martorell,ES,27.78,few clouds,41.47,1.93,ibis budget Barcelona Sant Andreu de la Barca
212,Naze,JP,29.0,scattered clouds,28.37,129.48,Â•ÑÁæé„Éù„Éº„Éà„Çø„ÉØ„Éº„Éõ„ÉÜ„É´
213,Shimoda,JP,21.67,clear sky,34.67,138.95,Shimoda Tokyu Hotel
215,Morehead,US,27.78,broken clouds,37.27,-87.18,CCI Express Inn
216,Port Hardy,CA,22.0,clear sky,50.7,-127.42,Airport Inn
220,Avarua,CK,22.0,overcast clouds,-21.21,-159.78,Paradise Inn
221,Shieli,KZ,23.69,few clouds,44.17,66.75,Gostinitsa Aybek Shieli
222,Altea,ES,27.78,scattered clouds,38.6,-0.05,Albir Playa Hotel & Spa
226,Carutapera,BR,24.35,light rain,-1.2,-46.02,Lidera
228,Bathsheba,BB,29.0,scattered clouds,13.22,-59.52,Atlantis Hotel
231,Ca Mau,VN,26.17,light rain,9.18,105.15,Kh√°ch S·∫°n M∆∞·ªùng Thanh Luxury C√† Mau
232,Kuala Lipis,MY,23.13,overcast clouds,4.18,102.05,Lipis Centrepoint Hotel
233,Blind River,CA,25.0,clear sky,46.18,-82.96,Auberge Eldo Inn
235,Velventos,GR,27.78,clear sky,40.25,22.06,9 ŒúŒøœçœÉŒµœÇ ŒûŒµŒΩœéŒΩŒ±œÇ
236,San Cristobal,VE,31.0,scattered clouds,7.77,-72.22,Pirineos
238,Axim,GH,23.35,scattered clouds,4.87,-2.24,AXIM BEACH RESORT AND SPA
239,Awbari,LY,29.72,clear sky,26.59,12.78,ŸÅŸÜÿØŸÇ ÿ£Ÿàÿ®ÿßÿ±Ÿä
241,Jonesboro,US,33.33,scattered clouds,35.84,-90.7,Hilton Garden Inn Jonesboro
243,Fort Saint James,CA,29.99,few clouds,54.43,-124.25,The View Hotel
247,Compostela,PH,25.42,overcast clouds,7.67,126.09,Cocos hotel
250,Aksu,CN,23.89,broken clouds,41.12,80.26,Pudong Holiday Hotel
251,Quatre Cocos,MU,22.0,shower rain,-20.21,57.76,Veranda Palmar Beach Hotel
252,Seoul,KR,25.0,few clouds,37.57,126.98,LOTTE HOTEL SEOUL
258,Pacific Grove,US,22.78,clear sky,36.62,-121.92,Lovers Point Inn
259,Landerneau,FR,23.0,clear sky,48.45,-4.25,Le Clos Du Pontic
262,Marsh Harbour,BS,29.04,broken clouds,26.54,-77.06,Abaco Beach Resort
263,Fairbanks,US,25.0,clear sky,64.84,-147.72,Westmark Fairbanks Hotel & Conference Center
264,Lafiagi,NG,23.79,overcast clouds,8.87,5.42,EMI SONMASUN BINDOFUL LAFIAGI
265,Cedar City,US,36.0,clear sky,37.68,-113.06,Hampton Inn Cedar City
266,Yarada,IN,27.0,mist,17.65,83.27,"D-26/2, Dolphin Hill,"
267,Nadadores,MX,30.0,few clouds,27.05,-101.6,La Caba√±ita - Eventos
268,Garissa,KE,24.08,clear sky,-0.45,39.64,Almond Resort
269,Shwebo,MM,25.34,moderate rain,22.57,95.7,MOON SHINE Guest House
272,Shelburne,CA,25.0,few clouds,44.08,-80.2,The Retreat at the Farm
273,Beaufort,MY,25.0,few clouds,5.35,115.75,The Gem Hotel Beaufort
274,Cabo San Lucas,MX,32.0,clear sky,22.89,-109.91,Hotel Tesoro Los Cabos
275,Tateyama,JP,23.89,broken clouds,34.98,139.87,Tateyama Seaside Hotel
277,Dingle,PH,26.38,overcast clouds,11.0,122.67,Camp Pasica
279,Mareeba,AU,20.56,scattered clouds,-17.0,145.43,Trinity Plains Tourist Park
280,Salinas,US,22.78,clear sky,36.68,-121.66,Good Nite Inn Salinas Monterey
281,Tulum,MX,32.22,scattered clouds,20.22,-87.47,Kin Ha
282,Takoradi,GH,23.41,scattered clouds,4.88,-1.76,Raybow International Hotel
283,Alexandria,EG,26.45,clear sky,31.22,29.96,Royal Crown Hotel
285,Vila Velha,BR,23.0,heavy intensity rain,-20.33,-40.29,Hotel Vit√≥ria Palace
290,Tabas,IR,32.0,clear sky,33.6,56.92,ÿ¥ÿ±⁄©ÿ™ ŸÖÿπŸÖÿßÿ±€å ŸÖŸáÿ±ÿßÿ≤ ÿ¥ÿß€å⁄ØÿßŸÜ ÿ¢ÿ±ÿßÿØ
292,Qui Nhon,VN,26.43,overcast clouds,13.77,109.23,Kh√°ch s·∫°n H·∫£i √Çu Quy Nh∆°n - Seagull Hotel
293,Sao Filipe,CV,24.53,few clouds,14.9,-24.5,Tortuga B&B
295,Catuday,PH,26.04,overcast clouds,16.29,119.81,GResort
298,Chake Chake,TZ,24.09,few clouds,-5.25,39.77,Hotel Archipelago
299,Guanica,PR,26.67,moderate rain,17.97,-66.91,Copamarina Beach Resort & Spa
301,Georgetown,MY,26.0,few clouds,5.41,100.34,Cititel Penang
303,Doha,QA,35.56,clear sky,25.29,51.53,Movenpick Hotel Doha
305,Half Moon Bay,US,24.44,clear sky,37.46,-122.43,"The Ritz-Carlton, Half Moon Bay"
306,Bandundu,CD,28.54,broken clouds,-3.32,17.37,Coja Color
308,San Patricio,MX,30.87,scattered clouds,19.22,-104.7,Hotel Cabo Blanco
309,Chifeng,CN,24.95,overcast clouds,42.27,118.96,Junyu Tiancheng Hotel
311,Danane,CI,21.13,light rain,7.26,-8.15,Hotel du march√©
313,Sal Rei,CV,26.0,broken clouds,16.18,-22.92,Marine Club Beach Resort
314,Jieshi,CN,28.58,light rain,22.81,115.83,Yuehai Hotel
316,Poyarkovo,RU,23.15,overcast clouds,49.6,128.68,Gostinitsa
319,Liverpool,GB,20.0,broken clouds,53.41,-2.98,Premier Inn Liverpool City Centre (Moorfields) hotel
320,Fethiye,TR,26.0,clear sky,36.62,29.12,Club & Hotel Letoonia
321,Deer Lake,CA,20.0,broken clouds,49.17,-57.43,Holiday Inn Express Deer Lake
324,Manaure,CO,28.17,few clouds,11.78,-72.44,Del mar vendra
327,Dezhou,CN,26.45,light rain,37.45,116.29,Zhongtai International Hotel
328,Hami,CN,21.53,clear sky,42.8,93.45,Laoyutang Resort
329,Vaitape,PF,26.77,light rain,-16.52,-151.75,Conrad Bora Bora Nui
330,Biltine,TD,27.82,light rain,14.53,20.92,H√¥tel Trois √âtoiles de Biltine
333,Astoria,US,27.78,clear sky,46.19,-123.83,Best Western Astoria Bayfront Hotel
334,Aklavik,CA,25.0,haze,68.22,-135.01,Aklavik Inn
339,Smyshlyayevka,RU,22.0,scattered clouds,53.24,50.39,Aparthotel Niagara on Chapayeva street
340,Kharabali,RU,21.11,broken clouds,47.42,47.26,Baza Otdiha Fishing Life
341,Iberia,US,33.33,scattered clouds,29.95,-91.75,back to back rv park
342,Bubaque,GW,26.82,light rain,11.28,-15.83,Casa Dora
344,Kisangani,CD,23.18,clear sky,0.52,25.2,Grand Ramela Hotel
349,Laguna,US,36.11,clear sky,38.42,-121.42,Holiday Inn Express & Suites Elk Grove Central - Hwy 99
350,Mahajanga,MG,23.13,clear sky,-15.72,46.32,Restaurant Greedy Coco Lodge Majunga
352,Biak,ID,23.93,heavy intensity rain,-0.91,122.88,Kost Ariz
353,Beckley,US,22.22,moderate rain,37.78,-81.19,"Country Inn & Suites by Radisson, Beckley, WV"
354,Beyneu,KZ,20.93,clear sky,45.32,55.2,NUR
357,Saint-Georges,GD,30.0,few clouds,12.06,-61.75,Siesta Hotel
359,Lake Charles,US,33.0,scattered clouds,30.21,-93.2,La Quinta Inn & Suites by Wyndham Lake Charles Casino Area
360,Waterfoot,GB,20.0,scattered clouds,53.69,-2.25,MOUNTAIN VIEW INN
361,Kalmunai,LK,26.43,overcast clouds,7.42,81.82,VS Villa
362,Singapore,SG,28.0,broken clouds,1.29,103.85,The Fullerton Hotel Singapore
364,Sao Joao Da Barra,BR,20.39,light rain,-21.64,-41.05,Pousada Porto De Canoas
367,Saint-Philippe,RE,20.0,scattered clouds,-21.36,55.77,"Chambres d'h√¥te ""La Trinit√©"""
368,Baoding,CN,27.31,clear sky,38.85,115.49,Xiu Lan Hotel
370,Luwuk,ID,24.64,heavy intensity rain,-0.95,122.79,Hotel Santika Luwuk
377,Orillia,CA,25.0,light rain,44.61,-79.42,Knights Inn Orillia
378,Sur,OM,32.21,scattered clouds,22.57,59.53,Sur Plaza Hotel
379,Kavieng,PG,29.08,overcast clouds,-2.57,150.8,Nusa Island Retreat
381,Kashiwazaki,JP,22.78,moderate rain,37.37,138.55,Hotel Sunshine
382,Puerto Del Rosario,ES,23.0,overcast clouds,28.5,-13.86,Hotel JM Puerto del Rosario
383,Paragominas,BR,25.92,overcast clouds,-2.97,-47.48,HOTEL RODA VIVA
384,Praia Da Vitoria,PT,22.0,broken clouds,38.73,-27.07,Hotel Branco I
386,Ordu,TR,24.0,scattered clouds,40.91,37.68,Orencik Koyu Muhtarligi
387,College,US,25.0,smoke,64.86,-147.8,Pike's Waterfront Lodge
388,Cabangahan,PH,27.12,light rain,9.08,122.95,Centralle District Resort
390,Tecoanapa,MX,30.81,broken clouds,16.52,-98.75,Hotel Manglares
392,La Ronge,CA,23.0,broken clouds,55.1,-105.28,Northland Motor Hotel
398,Lompoc,US,22.22,clear sky,34.64,-120.46,Holiday Inn Express Lompoc
401,Cedral,MX,25.96,overcast clouds,23.8,-100.73,Hotel Rocio
402,Marsa Matruh,EG,25.53,clear sky,31.35,27.25,Beau Site
404,Digapahandi,IN,27.22,overcast clouds,19.37,84.58,Pradeep jewellers
405,Anzio,IT,26.11,clear sky,41.49,12.62,Hotel Lido Garda
406,Condado,CU,32.0,few clouds,21.88,-79.84,Casa Guachinango
407,Mekhe,SN,28.0,scattered clouds,15.11,-16.62,H√¥tel Keur Mame Astou
408,Marieville,CA,25.0,light rain,45.43,-73.17,Manoir Ramezay
409,Wadi Musa,JO,23.35,clear sky,30.32,35.48,Petra Palace Hotel
412,Morant Bay,JM,35.0,scattered clouds,17.88,-76.41,Whispering Bamboo Cove Resort
414,Touba,CI,21.31,clear sky,8.28,-7.68,Hotel de L'Amiti√© Vraie
415,Oistins,BB,29.0,scattered clouds,13.07,-59.53,Butterfly Beach Hotel
416,Sakakah,SA,39.0,broken clouds,29.97,40.21,Fakhamat Al Orjoana Apartment
421,Jacareacanga,BR,27.05,few clouds,-6.22,-57.75,Casa do Ianüòé
424,Cayenne,GF,28.0,light rain,4.93,-52.33,H√¥tel Le Dronmi
426,Srednyaya Akhtuba,RU,24.0,broken clouds,48.71,44.87,"Topolya, Baza Otdykha Ooo ""Fort"""
428,Dekalb,US,30.0,moderate rain,33.75,-84.23,"America's Best Inn Georgia, GA"
429,Buala,SB,29.03,light rain,-8.14,159.59,Maringe Lagoon Lodge
431,Bowen,AU,20.0,clear sky,-20.02,148.23,Castle Motor Lodge Motel
433,Luxor,EG,36.11,clear sky,25.7,32.64,Iberotel Luxor
434,Baoshan,CN,24.9,few clouds,46.56,131.42,Kelaixiang Restaurant
435,Riberalta,BO,24.91,clear sky,-10.98,-66.1,Hotel Colonial
436,Samarai,PG,24.03,broken clouds,-10.62,150.67,Nuli Sapi
437,Nabire,ID,24.19,light rain,-3.37,135.48,Hotel Nusantara Nabire
439,Oussouye,SN,27.0,scattered clouds,12.48,-16.55,Auberge du Routard
440,Yining,CN,25.62,light rain,29.04,114.56,Xiushui Hotel
441,Zhob,PK,27.81,clear sky,31.34,69.45,ROOM # 105 DUBAI HOTEL ZHOB
442,Asfi,MA,23.07,scattered clouds,32.3,-9.24,H√¥tel Abda
443,Tudela,ES,26.0,broken clouds,42.06,-1.6,Sercotel Hotel Tudela Bardenas
444,Cockburn Town,TC,25.82,light rain,21.46,-71.14,Osprey Beach Hotel
446,Pierre,US,31.11,clear sky,44.37,-100.35,Ramkota Hotel
448,San Lorenzo,PY,20.0,broken clouds,-25.33,-57.53,Canarias Hotel
449,Dubuque,US,27.0,broken clouds,42.48,-90.87,American Inn and Suites
451,Kahului,US,32.0,scattered clouds,20.89,-156.47,Maui Seaside Hotel
452,Gambela,ET,22.17,light rain,8.25,34.58,Solomon Debebe Hotel
453,Acandi,CO,27.96,light rain,8.51,-77.28,Hotel Patio Bonito
454,Buchanan,LR,24.57,light rain,5.88,-10.05,Kamaneahn Hotel Inc
455,Dir,PK,21.5,light rain,35.21,71.88,Dir electric store
456,Jacmel,HT,31.0,light rain,18.23,-72.53,Hotel Florita
457,Minab,IR,34.0,haze,27.15,57.08,ŸÅÿ±Ÿàÿ¥⁄ØÿßŸá ŸÖŸàÿ®ÿß€åŸÑ ÿ™ÿ±⁄©ŸÖÿßŸÜ€å
460,Port Antonio,JM,35.0,scattered clouds,18.18,-76.46,Trident Hotel
461,Esmeraldas,BR,21.0,light rain,-19.76,-44.31,Hotel Fazenda Lagoa Azul
463,Goderich,CA,22.78,clear sky,43.75,-81.72,Harmony Inn
466,Tezu,IN,24.02,moderate rain,27.92,96.17,Circuit House
468,Khani,GE,22.0,broken clouds,41.96,42.96,·Éô·É£·É†·Éù·É†·É¢·Éò ·Éñ·Éî·Éô·Éê·É†·Éò/Resort Zekari
472,Bairiki,KI,30.0,few clouds,1.33,172.98,Tarawa Boutique Hotel
473,Mountain Home,US,39.0,clear sky,43.13,-115.69,Mountain Home Inn
475,Barcelos,PT,20.0,broken clouds,41.54,-8.62,Hotel Do Ter√ßo
477,Atar,MR,32.13,light rain,20.52,-13.05,Oumou Elghoura
478,Los Llanos De Aridane,ES,23.0,overcast clouds,28.66,-17.92,Valle Aridane
482,Jasper,US,31.0,broken clouds,37.2,-94.35,Guest House Motel
483,Camocim,BR,25.67,broken clouds,-2.9,-40.84,Hotel Ilha do Amor
484,Sinnamary,GF,26.24,clear sky,5.38,-52.95,ALETHEIA Appartement Sinnamary
486,Padang,ID,23.0,broken clouds,-0.95,100.35,Mercure Padang
487,Belmonte,BR,23.0,broken clouds,-15.86,-38.88,Pousada Monte Carmelo O P√£o
489,Chernyshkovskiy,RU,24.11,few clouds,48.42,42.23,"The hotel ""Eugenia"""
491,Morgan City,US,32.78,broken clouds,29.7,-91.21,Hampton Inn & Suites Morgan City
495,Elat,IL,35.0,clear sky,29.56,34.95,Club Hotel Eilat
496,Dhar,IN,24.87,overcast clouds,22.6,75.3,Hotel Shrinath Residency
497,Moerai,PF,22.93,clear sky,-22.43,-151.33,Le Manotel
500,Cap Malheureux,MU,20.0,clear sky,-19.98,57.61,Pereybere Hotel & Spa
502,Sagua La Grande,CU,31.0,scattered clouds,22.81,-80.08,Hotel Amaro
503,Manzanillo,CU,29.16,few clouds,20.34,-77.12,Adrian & Tonia
507,Kaduqli,SD,23.45,broken clouds,11.02,29.72,ŸÅŸÜÿØŸÇ ÿßŸÑŸÑŸá ÿ¨ÿßÿ®Ÿà
508,Kuryk,KZ,22.4,clear sky,43.2,51.65,Gostinitsa Kuryk - Otel' Dlya Vsekh Kategoriy Kliyentov .
509,Meulaboh,ID,25.35,light rain,4.14,96.13,Kost Pria
511,Hirara,JP,28.0,light intensity shower rain,24.8,125.28,Hotel Atoll Emerald Miyakojima
513,Freeport,US,30.0,clear sky,40.66,-73.58,The Freeport Inn and Marina
515,Vao,NC,22.57,scattered clouds,-22.67,167.48,Hotel Kou-Bugny
516,Russell,US,33.0,scattered clouds,32.35,-85.2,Macs
517,Xinyu,CN,26.74,scattered clouds,27.8,114.93,Xinyu Beihu Hotel
519,Popondetta,PG,27.27,few clouds,-8.75,148.25,Timos Transit House
521,Juegang,CN,26.45,overcast clouds,32.32,121.19,Rudong Y Hotel
522,Ipixuna,BR,29.0,thunderstorm,-1.76,-48.8,Casa da Oscarina
523,Rosarito,MX,27.22,clear sky,32.33,-117.03,Hotel Festival Plaza Rosarito
524,Arrifes,PT,21.0,few clouds,37.77,-25.7,Hotel Ponta Delgada
525,Matara,LK,25.48,light rain,5.95,80.54,Amaloh Boutique Resort
526,Moussoro,TD,28.18,scattered clouds,13.64,16.49,Pharmacie alnadja Moussoro
528,Weinan,CN,26.11,mist,34.5,109.51,Thank Inn Chain Hotel shanxi weinan linwei district jiefang road
531,Miguel Hidalgo,MX,24.0,scattered clouds,19.42,-99.2,JW Marriott Hotel Mexico City
532,Kongoussi,BF,30.09,clear sky,13.33,-1.53,Hotel T√™ed Wende
533,Hobyo,SO,25.51,scattered clouds,5.35,48.53,Osmani Hotel
540,Shenzhen,CN,29.44,scattered clouds,22.55,114.07,Shun Hing Square
542,Devarkonda,IN,26.49,moderate rain,16.7,78.93,VANAM ANJANEYULU
544,Prado,BR,21.09,clear sky,-17.34,-39.22,INN CORNER RIVER - PRADO - BAHIA - HOUSING AND HOTEL
547,Lunenburg,CA,23.89,few clouds,44.38,-64.32,Lunenburg Arms Hotel
548,Tarakan,ID,26.19,overcast clouds,3.3,117.63,Hotel D' CaLia Tarakan
550,Port Blair,IN,27.33,light rain,11.67,92.75,Fortune Resort Bay Island
551,Jinan,CN,28.89,broken clouds,36.67,117.0,Sofitel Silver Plaza Hotel Jinan
553,Wangqing,CN,21.56,overcast clouds,43.32,129.76,Jianan Fashion Hotel
555,Mao,ES,25.0,clear sky,39.89,4.27,ARTIEM Capri
558,Lagoa,PT,21.29,broken clouds,39.05,-27.98,Casa Das Faias
559,Sabang,ID,28.59,overcast clouds,5.89,95.32,Hotel Citra
563,Nanchong,CN,22.31,light rain,30.8,106.08,Marine Una Century Hotel
564,Puri,IN,29.08,overcast clouds,19.8,85.85,OYO 1577 Hotel Shree Hari Grand
567,Mangrol,IN,28.23,moderate rain,21.12,70.12,Hotel The Royal Honours
568,Jaca,ES,23.33,broken clouds,42.57,-0.55,Hotel Real Jaca & Spa
569,Sturgis,US,26.0,scattered clouds,41.8,-85.42,Best Western Plus Howe Inn
571,Mathbaria,BD,27.41,light rain,22.29,89.96,‡¶¨‡¶æ‡¶π‡¶æ‡¶¶‡ßÅ‡¶∞‡ßá‡¶∞ ‡¶ö‡¶æ‡ßü‡ßá‡¶∞ ‡¶∑‡ßç‡¶ü‡ßã‡¶∞
575,Algiers,DZ,25.0,clear sky,36.75,3.04,Sofitel Algiers Hamma Garden
578,Brokopondo,SR,27.23,clear sky,4.75,-55.17,Matu Island
580,Hamilton,US,21.11,moderate rain,39.18,-84.53,Six Acres Bed & Breakfast
581,Pathein,MM,26.22,broken clouds,16.78,94.73,Pathein Hotel
582,Daru,PG,24.53,overcast clouds,-9.08,143.21,New century hotel
585,Terme,TR,22.0,scattered clouds,41.21,36.97,OTEL G√úVEN TERME
586,Zeya,RU,21.71,light rain,53.75,127.27,Kapital Inn
589,Haines Junction,CA,23.97,clear sky,60.75,-137.51,Parkside Inn
591,Aguimes,ES,22.22,scattered clouds,27.91,-15.45,Hotel Villa de Aguimes
593,Mahroni,IN,28.42,overcast clouds,24.59,78.73,Sahu Samaj Dharmashala
594,Kavaratti,IN,28.0,light rain,10.57,72.64,Bismillah Hotel And Lodging
596,Roma,US,27.0,clear sky,43.21,-75.46,Wingate By Wyndham Rome
598,Musafirkhana,IN,27.22,scattered clouds,26.37,81.8,Hindustan Sweets House
601,Dondaicha,IN,26.91,overcast clouds,21.33,74.57,Mahavir Farm House
603,Matanza,CO,25.0,scattered clouds,7.32,-73.02,Hotel Cacique Matanzu
605,Guerrero Negro,MX,27.43,clear sky,27.98,-114.06,"Casa Laguna, Bed & Breakfast"
607,Yendi,GH,23.64,broken clouds,9.44,-0.01,Eyarro Lodge
611,Lancaster,US,31.67,overcast clouds,40.25,-76.25,Refreshing Mountain Retreat and Adventure Center
612,Namatanai,PG,28.47,overcast clouds,-3.67,152.43,Namatanai Hotel
613,Valdosta,US,24.0,moderate rain,30.83,-83.28,Courtyard by Marriott Valdosta
614,Celestun,MX,29.8,scattered clouds,20.87,-90.4,Posada Lilia
615,Kuala Terengganu,MY,24.0,light rain,5.33,103.14,Hotel Grand Continental Kuala Terengganu (4 Star)
616,Kirakira,SB,29.14,few clouds,-10.45,161.92,SanBiz Lodge
617,Majene,ID,24.78,broken clouds,-3.54,118.97,Kost Putri RABBANI
618,Kralendijk,BQ,31.0,clear sky,12.15,-68.27,Divi Flamingo Beach Resort & Casino
622,Ranau,MY,24.0,few clouds,5.95,116.66,Ranau Backpackers Hostel
623,Dulce Nombre De Culmi,HN,29.26,clear sky,15.1,-85.53,Hotel maria jose
625,Qalyub,EG,28.0,clear sky,30.18,31.21,ŸáÿßŸÜŸä ÿ≠ÿßŸÅÿ∏ ÿßŸÑÿπŸÖÿØŸá ŸÑŸÑÿØŸàÿßÿ¨ŸÜ
628,Cabra,ES,32.0,clear sky,37.47,-4.44,MS Fuente Las Piedras
629,Maple Creek,CA,33.17,few clouds,49.92,-109.48,Willowbend Campground & Cabins
630,Itarema,BR,25.88,scattered clouds,-2.92,-39.92,Windvillage
633,Arauca,CO,29.0,scattered clouds,7.08,-70.76,Hotel Verano Plaza
634,Chiusi,IT,24.44,clear sky,43.02,11.95,L'Albero di Gamel√¨
636,Lorengau,PG,29.75,overcast clouds,-2.02,147.27,Lorengau Harbourside Hotel
637,Artesia,US,33.33,clear sky,33.87,-118.08,La Quinta Inn & Suites by Wyndham Buena Park
638,Puerto Madero,MX,31.0,broken clouds,14.72,-92.42,Hotel La Central
640,Tabuk,PH,24.34,overcast clouds,17.42,121.44,Grand Zion Garden Resort Hotel
641,Nantucket,US,24.0,few clouds,41.28,-70.1,Jared Coffin House
642,Porto-Vecchio,FR,25.0,clear sky,41.59,9.28,H√¥tel Le Go√©land - Casa Santini
643,Copala,MX,30.02,broken clouds,16.65,-98.98,Biol. Fernando Martinez Salgado
646,Hay River,CA,22.0,broken clouds,60.82,-115.8,Ptarmigan Inn Hotels
647,Saint-Joseph,RE,20.0,scattered clouds,-21.37,55.62,"""Plantation Bed and Breakfast"
650,Winnipeg,CA,29.0,few clouds,49.88,-97.15,"Humphry Inn & Suites, Downtown Winnipeg"
651,Mecca,SA,30.64,overcast clouds,21.43,39.83,Hotel Fairmont Makkah Clock Royal Tower
652,San Jose,US,28.33,smoke,37.34,-121.89,The Westin San Jose
654,La Sarre,CA,20.82,broken clouds,48.8,-79.2,Motel Villa Mon Repos
656,Carquefou,FR,28.0,clear sky,47.3,-1.49,Best Western Plus H√¥tel de la R√©gate
659,Auki,SB,28.95,broken clouds,-8.77,160.7,Auki Motel
664,Guarapari,BR,23.0,broken clouds,-20.67,-40.5,Hotel Porto do Sol
668,Montes Claros,BR,23.0,clear sky,-16.73,-43.86,ibis Montes Claros Shopping
673,Thongwa,MM,26.0,broken clouds,16.76,96.53,Mhaw Wun Marlar Park
675,Camacha,PT,20.0,broken clouds,33.08,-16.33,Hotel Porto Santo & Spa
676,Karaton,ID,24.0,scattered clouds,-6.34,106.1,Parkir Mobil Wisata CAS Water Park
677,Gat,IL,26.67,clear sky,31.61,34.76,◊®◊í◊¢ ◊ë◊†◊ó◊™
678,Mlonggo,ID,21.76,few clouds,-6.53,110.7,Asia Metal Art
679,Capela,BR,25.0,few clouds,-10.5,-37.05,Recanto Tia Josi
